"lakeID","system","type","region","watershed","sampling_time","dayperiod","precip","precip_cat","vol","LA_m2","per_m","LP.LA","CA_m2","CP_m","CA.LA","CA_slope","fo_ca","forested_area","agrpast_ca","urban_ca","anth_ca","anthropogenic_area","altitude","PR","BR","RB:RP","BP","BGE","TA","ph","pCO2","co2_rel","BCD","BA","a430","a250","a365","a250.a365","SUVA250","Dosat","DO","temp","depth","secchi","SOC","DOC","DN","TN","DP","TP","chla","trophic_state"
1,"Carcara","Lake","Humid","Coast East 6",10,"Morning",889.6,">800",502730.09,519617.66,2914.19,0.006,1812497.07,11106.05,3.49,1.66,13.4925758553906,24455254.2046482,82.4402840542286,2.84054228534539,85.280826339574,154571247.867657,47,21.14,8.18,0.387,0.0052,0.0632,0.1443,5.59,25546.75,65.50448718,8.19,1069855.84,3.455,28.327,2.073,13.667,1.83,97.7256016407293,7.72,27.8,2.25,2.25,3.816,15.47,1.208,1.694783333,0.091093333,0.056233667,1.64,"Mesotrophic"
2,"Ilhota","Lake","Humid","Coast East 6",8,"Morning",889.6,">800",23029.65,35704.89,956.56,0.027,744567.31,6541.46,20.85,1.06,10.5754276827372,7874117.74183517,84.447900466563,0.777604976671851,85.2255054432349,63456125.3312597,34,65.9,19.61,0.298,0.0062,0.0317,0.08958,5.28,31788.73,81.5095641,19.61,65671.83,3.455,12.321,1.036,11.889,2.36,93.2779723486203,7.5,26.7,1.5,1.5,3.816,5.211,0.709272333,1.18552,0.033295467,0.048269,1.63,"Mesotrophic"
3,"Bonfim","Lake","Humid","Coast East 6",11,"Noon",889.6,">800",7798792.55,7254690.75,22691.57,0.003,12545320.06,58243.02,1.73,1.61,14.2207370277546,178403697.502275,81.8249327021256,2.12568458182494,83.9506172839505,1053187363.06173,56,19.4,7.95,0.41,0.0042,0.0527,0.07737,5.47,28456.55,72.96551282,7.95,30362.03,3.685,6.679,0.691,9.667,1.94,80.8564875110459,6.42,27.8,2.5,2,3.816,3.436,0.49141,1.734506667,0.062822,0.066358667,0.57,"Oligotrophic"
4,"Cavalos","Reservoir","Humid","Pirangi",13,"Afternoon",557.5,"<800",476254.51,402752.23,4418.81,0.011,17234082.48,29757.46,42.79,1.14,38.6462565293094,666032772.569357,54.3311085316309,3.07603017991874,57.4071387115496,989359363.495647,53,27.45,11.59,0.422,0.0867,0.7422,0.07904,5.49,17618.12,45.17466667,11.66,3678403.26,3.57,15.66,1.152,13.6,1.2,89.6434586386869,6.98,29.5,2.75,1,3.816,13.02,0.6524,2.019145333,0.052134867,0.0622314,16.79,"Eutrophic"
5,"Jacarecica","Reservoir","Humid","Pirangi",16,"Afternoon",557.5,"<800",283864.85,240054.84,1820.1,0.008,5220917.13,15860.89,21.75,0.85,13.5873307321552,70938327.7704845,85.1273812256139,0,85.1273812256139,444443002.872848,88,5.83,4.24,0.728,0.0083,0.1953,0.2805,5.84,27307.58,70.0194359,4.25,40333596.01,3.685,20.957,1.842,11.375,3.02,92.0655644401473,7.31,27.2,2.75,1.5,3.816,6.95,0.5882,2.269866667,0.067270133,0.034457667,2.19,"Mesotrophic"
6,"Santo Antonio","Reservoir","Humid","Rio Doce",9,"Morning",977.6,">800",72827.4,75273.8,1983.29,0.026,74503206.11,65248.57,989.76,1.6,54.6726491189013,4073287645.88521,1.71595910468721,0.005137602109842,1.72109670679705,128227222.681743,34,34.72,16.59,0.478,0.0704,0.4227,0.9237,6.49,20817.44,53.37805128,16.64,1294539.32,8.982,70.932,14.739,4.813,6.69,35.8187413818702,2.88,28.8,2.25,1,3.607,10.6,0.759258267,1.794,0.0506574,0.1380236,4,"Mesotrophic"
7,"Serrinha","Lake","Humid","Rio Doce",10,"Morning",977.6,">800",68977.9,106942.48,1436.8,0.013,430357.05,5343.26,4.02,2.27,44.5054945054945,19153253.3241758,0,0,0,0,77,51.61,42.32,0.82,0.4818,1.1259,0.625,6.31,20986.02,53.81030769,42.81,62642022.16,26.715,133.113,36.848,3.613,4.23,93.6188374961857,7.46,28.3,1.5,0.4,3.607,31.48,2.886,6.549333333,0.0565292,0.257922867,378.24,"Hypereutrophic"
8,"Doidos","Lake","Humid","Rio Doce",15,"Afternoon",537.2,"<800",180600.63,280000.97,2075.42,0.007,1505155.75,8587.04,5.38,1.75,65.0246305418719,97872196.5517241,0,0,0,0,81,23.26,11.73,0.504,0.0426,0.3617,0.6307,6.42,16342.6,41.90410256,11.76,1277125.74,7.139,72.545,9.212,7.875,2.5,102.238295366173,8.06,28.6,1.5,0.5,3.607,29.01,1.749,4.937975,0.080827,0.0291536,37.97,"Eutrophic"
9,"Extremoz","Reservoir","Humid","Rio Doce",17,"Afternoon",453.8,"<800",1998055.35,4646640.35,21938.56,0.005,325855316.4,184331.16,70.13,1.71,50.4480091931175,16438751997.3734,44.3571805702218,1.43176594819554,45.7889465184173,14920571655.3816,28,29.85,10.17,0.341,0.0111,0.1091,0.3063,6.19,13318.15,34.14910256,10.18,2562462.34,5.527,27.866,5.988,4.654,4.32,73.2887414179255,5.84,27.2,1,0.3,3.607,6.457,1.074365533,3.410323333,0.0558194,0.0860696,3.97,"Mesotrophic"
10,"Gramorezinho","Lake","Humid","Rio Doce",8,"Morning",1239.6,">800",111455.1,172798.6,2301.23,0.013,1384255,9268.45,8.01,1.83,5.91216216216216,8183940.03378378,65.0337837837838,28.2939189189189,93.3277027027027,129189339.10473,21,49,26.14,0.533,0.7346,2.7335,0.7,6.39,19274.04,49.42061538,26.7,4279601.13,11.285,44.448,12.206,3.642,,62.2409767319859,5.05,26,1.5,0.3,3.607,,2.779,5.727596667,0.1375612,0.1656046,23.18,"Hypereutrophic"
11,"Azul Dende","Lake","Humid","Rio Doce",10,"Morning",1239.6,">800",222776.51,259042.45,2529.4,0.01,931788.91,7919.62,3.6,2.68,2.63488080301129,2455152.71141781,87.8293601003764,6.52446675031367,94.3538268506901,87917849.4755332,23,41.4,29.18,0.705,0.1893,0.6447,0.2462,6.11,12901.14,33.07984615,29.32,1825661.71,10.824,30.284,9.788,3.094,2,100.74021013651,8.1,27.4,2,0.5,3.607,15.152,4.569,7.253833333,0.075489067,0.097188667,28.78,"Eutrophic"
12,"Patos","Lake","Humid","Maxaranguape",13,"Afternoon",675.2,"<800",26765.32,49795.94,859.72,0.017,175570.84,2908.45,3.53,1.52,4.63576158940399,813904.556291394,88.7417218543046,3.97350993377485,92.7152317880794,16278091.1258278,27,26.75,11.59,0.433,0.0218,0.1875,0.04734,5.24,19243.93,49.34341026,11.61,74862.1,4.951,6.794,2.764,2.458,1.41,99.3467711160124,7.86,28.6,1.25,1.25,3.607,4.815,0.62748,1.744113333,0.040337,0.016010867,1.09,"Oligotrophic"
13,"Pedras","Lake","Humid","Maxaranguape",15,"Afternoon",675.2,"<800",74008.38,344225.01,2684.96,0.008,619572.61,7824.72,1.8,1.89,13.8836772983115,8601946.1801126,81.2382739212008,3.00187617260787,84.2401500938087,52192889.6604128,30,39.84,28.28,0.71,0.009,0.032,0.02666,4.79,37012.95,94.905,28.29,102216.91,6.794,16.697,5.758,2.9,1.8,101.296374491784,7.71,30.3,0.5,0.5,3.607,9.271,1.0270425,2.383486667,0.046892,0.0471252,0.8,"Oligotrophic"
14,"Areias Brancas","Lake","Humid","Maxaranguape",17,"Afternoon",675.2,"<800",95502.61,130646.53,1862.06,0.014,348144.8,5772.19,2.66,2.8,10.204081632653,3552497.95918365,89.4557823129252,0,89.4557823129252,31143565.4421769,30,15.54,13.26,0.854,0.008,0.06,0.0331,5.42,8435.12,21.62851282,13.27,221847.4,5.067,12.667,4.145,3.056,1.62,84.3363906678721,65.9,27.8,1.7,1,3.607,7.837,1.233,3.99455,0.026299733,0.034346333,2.4,"Mesotrophic"
15,"Trairas","Lake","Humid","Coast East 3",7,"Morning",675.2,"<800",310967.05,262974.25,2065.25,0.008,1245314.06,9138.99,4.74,1.47,14.1784037558685,17656565.5455399,78.4976525821597,5.53990610328638,84.0375586854461,104653153.399061,31,33.49,9.43,0.282,0.0039,0.0413,0.04163,5.13,20398.94,52.30497436,9.43,54661.45,3.8,8.982,3.109,2.889,1.63,92.3138446975395,7.49,26,2.75,2.75,3.607,5.509,0.523053,3.90705,0.03854,0.09424,2.37,"Mesotrophic"
16,"Cutia","Lake","Humid","Maxaranguape",10,"Morning",675.2,"<800",76842.62,148919.81,1525,0.01,361829.66,5055.56,2.43,0.96,30.3703703703704,10988900.7851852,58.1481481481482,0,58.1481481481482,21039724.6740741,33,21.14,26.29,1.244,0.0024,0.009,0.09769,5.51,20936.59,53.6835641,26.3,347347.76,7.945,35.812,11.515,3.11,2.27,96.9850063665359,7.77,27.2,1.2,1.2,3.607,15.77,2.164,6.26705,0.098053733,0.075733467,3.25,"Mesotrophic"
17,"Cambito","Lake","Humid","Maxaranguape",12,"Noon",675.2,"<800",217820.68,337706.49,3793.84,0.011,3631884.97,17571.26,10.75,1.5,40.2086137281292,146033059.863728,56.2584118438762,0,56.2584118438762,204324080.411844,33,32.84,11.19,0.341,0.0034,0.0308,0.05952,5.37,17627.57,45.19889744,11.19,38374.8,9.673,56.424,15.43,3.657,5.03,89.1351243863791,7.09,27.3,1.5,1.5,3.607,11.21,1.321,1.49076,0.046889467,0.027744,1.25,"Oligotrophic"
18,"Caraubas","Lake","Humid","Maxaranguape",13,"Afternoon",675.2,"<800",93477.35,155278,2870.42,0.018,9555448.58,30468.97,61.54,1.16,30.3687062243954,290186610.768336,57.5921765560989,0,57.5921765560989,550319081.692085,38,28.25,12.48,0.442,0.0099,0.0795,0.007334,5.01,4827.64,12.3785641,12.49,30219.97,9.788,60.569,16.582,3.653,5.21,94.4591888448339,7.46,27.7,1.4,1,3.607,11.62,1.031965,4.51066,0.061041667,0.039957867,1.5,"Mesotrophic"
19,"Grande","Lake","Humid","Ceara-mirim",15,"Afternoon",675.2,"<800",375175.23,387778.02,3270.83,0.008,5219591.44,20772.91,13.46,0.98,27.1329746348962,141623042.146041,70.3817576223418,0,70.3817576223418,367364019.61773,35,20.9,14.24,0.681,0.0119,0.0836,0.1804,6,12133.81,31.11233333,14.25,49585.74,4.836,42.375,7.83,5.412,4.91,96.8332844363591,7.73,26.9,2.25,0.7,3.816,8.632,0.913698,4.778,0.0354304,0.02603113,7.59,"Oligotrophic"
20,"Baiaozinho","Lake","Humid","Coast East 2",9,"Morning",756,">800",414965.77,438653.03,3081.98,0.007,610423.19,8225.76,1.39,1.84,6.83111954459204,4169873.78368122,88.9943074003795,0,88.9943074003795,54324189.0151803,26,24.23,7.8,0.322,0.0189,0.2423,0.06276,4.98,45056.53,115.5295641,7.81,39632.87,6.218,23.491,7.6,3.091,3.27,94.8002157513537,7.65,26.5,2.2,2.2,2.931,7.19,0.789269,4.38202,0.084827067,0.29848,3.5,"Eutrophic"
21,"Catole","Reservoir","Humid","Punau",12,"Noon",874.4,">800",632313.86,773945.98,5282.2,0.007,53698201.48,54895.55,69.38,1.3,11.1089916307018,596532870.825059,74.2316221178378,0,74.2316221178378,3986104600.67088,25,23.87,4.95,0.207,0.0398,0.7991,0.2827,6.26,10449.32,26.79312821,4.98,1209691.13,5.527,15.66,6.909,2.267,4.59,107.982265438734,8.62,27.6,1.9,1.1,2.931,3.41,0.275796,3.077,0.1056438,0.236108467,15.15,"Hypereutrophic"
22,"Punau","Reservoir","Humid","Punau",13,"Afternoon",312.7,"<800",12096.02,93767.62,2109.62,0.022,254296026.4,128529.7,2711.98,1.06,30.6362310891081,7790671829.83233,60.5631425718344,0,60.5631425718344,15400966502.3142,16,20.92,5.96,0.285,0.8093,11.9569,0.2931,5.61,47256.34,121.1701026,6.58,363576.73,11.86,88.781,23.836,3.725,9.05,3.35722985083505,0.28,25,0.3,0.15,2.255,9.808,0.592597333,4.389,0.0627088,0.143938667,0.15,"Oligotrophic"
23,"Boqueirao","Reservoir","Humid","Boqueirao",8,"Morning",539.7,"<800",2198364.54,2556237.84,16629.26,0.007,228557727,126966.7,89.41,0.96,55.5208976787164,12689730174.447,38.5765992965189,0,38.5765992965189,8816979850.60216,25,28.46,27.3,0.959,0.0098,0.036,0.6004,6.95,4444.89,11.39715385,27.31,497844.53,4.606,14.048,5.297,2.652,3.98,95.8880790049209,7.78,26.2,2,2,2.255,3.527,0.26572,2.277,0.0642488,0.220688,3,"Eutrophic"
24,"Dona Lacerda","Lake","Humid","Boqueirao",10,"Morning",539.7,"<800",6896.06,40093.39,740.56,0.018,488487.39,3905.36,12.18,1.6,63.78896882494,31160106.8920863,35.9712230215827,0,35.9712230215827,17571488.8489209,26,16.43,7.16,0.436,0.3172,4.243,0.6737,8.4,181.81,-2.145096529,7.4,1728004.62,7.024,183.434,15.545,11.8,3.28,128.506959129613,10.37,27.2,0.4,0.4,2.255,55.91,4.482,5.454,0.034328,0.132085467,2.28,"Mesotrophic"
25,"Praiso","Lake","Humid","Coast North",13,"Afternoon",539.7,"<800",31078.85,80307.11,1030.58,0.013,1483709.78,8237.17,18.48,0.98,70.1809598741149,104128176.535012,29.7403619197482,0,29.7403619197482,44126065.84107,14,6.93,6.83,0.986,0.1235,1.7765,1.584,9.19,64.21,-6.073820277,6.92,1295214.7,7.715,106.514,13.473,7.906,4.64,149.195914312683,11.91,27.3,0.9,0.9,2.255,22.94,1.943,3.955,0.013908267,0.187359467,4.25,"Eutrophic"
26,"Garcas","Lake","Humid","Coast North",15,"Afternoon",539.7,"<800",3411.45,39668.05,733.22,0.018,1450529.42,7249.58,36.57,1.02,76.1674718196457,110483158.721417,22.3027375201288,0,22.3027375201288,32350776.9194847,23,41.94,14,0.334,0.0744,0.5284,2.792,8.79,297.69,-1.310087675,14.06,473602.42,6.448,139.332,13.127,10.614,3.66,121.353593140318,9.35,29.3,0.2,0.2,2.255,38.02,3.229,4.757,0.014008,0.23875,20.48,"Hypereutrophic"
28,"Triunfo","Reservoir","Semiarid","Ceara-mirim",17,"Afternoon",107.6,"<800",92502.23,74179.81,1820.29,0.025,7179244.09,17599.57,96.78,1.76,60.089463220676,431396923.698311,19.5825049701789,0,19.5825049701789,140587583.074552,140,31.26,11.81,0.378,0.0873,0.7338,0.7132,6.59,12462.21,31.95438462,11.88,3863857.6,9.097,139.562,16.351,8.535,3.9,102.907832935399,8.38,25.7,2.9,0.5,3.666,35.82,2.678,4.422,0.211967333,0.209492,11.49,"Eutrophic"
29,"Joao Camara","Reservoir","Humid","Ceara-mirim",7,"Morning",302.8,"<800",374506.67,435472.88,5764.09,0.013,18049169.5,28337.42,41.45,1.89,19.0297542043985,343471259.178526,60.8732212160414,13.9844760672704,74.8576972833118,1351119266.64618,141,33.9,7.85,0.232,0.0279,0.3545,2.081,8,1360.15,3.487564103,7.88,7440009.89,9.327,128.507,13.473,9.538,3.47,87.012031294716,7.38,23.6,2,0.3,3.666,37.03,2.766,4.257,0.258914667,0.19049,27.58,"Hypereutrophic"
30,"Campo Alegre","Reservoir","Semiarid","Ceara-mirim",9,"Morning",300.2,"<800",4600.66,10699.21,464.84,0.043,36299983.99,39040.08,3392.77,2.46,50.7613563113386,1842636421.41228,27.4658168732097,0.359725026644981,27.8255418998547,1010066725.4778,134,52.2,19.88,0.381,2.5245,11.268,1.72,7.59,2931.52,7.516717949,21.82,2310617.6,8.636,189.652,17.273,10.98,3.33,91.2343340931475,6.51,29,1,0.3,3.666,56.95,4.185,5.566,0.122948667,0.49632,49.96,"Hypereutrophic"
31,"Espinheiro","Reservoir","Semiarid","Ceara-mirim",11,"Noon",300.2,"<800",83629.17,102361.28,1644.04,0.016,35085065.46,47193.04,342.76,4.55,58.2037643207855,2042082881.21317,25.8490180032734,0,25.8490180032734,906914488.721566,132,50.07,16.29,0.325,0.0542,0.3316,2.593,7.74,3262.72,8.365948718,16.33,1839027.18,11.515,173.186,20.727,8.356,3.48,88.290850385637,7.35,24.8,1.9,0.3,3.666,49.7,3.726,3.815,0.131900733,0.2064664,8.49,"Eutrophic"
32,"Serrote","Reservoir","Humid","Ceara-mirim",13,"Afternoon",302.8,"<800",16011.25,74470.94,1511.09,0.02,3081865.63,11750.96,41.38,1.77,26.4986636120657,81665320.6269569,71.4012982054218,0,71.4012982054218,220049206.87667,118,49.39,44.52,0.901,0.5711,1.2666,2.378,8.3,881.6,2.260512821,44.96,34539789.63,15.891,299.275,35.466,8.438,4.5,147.859059716461,11.74,27.4,0.5,0.2,3.666,66.54,5.549,9.363,0.306032,0.6692824,248.8,"Hypereutrophic"
33,"Eng Jose Batista","Reservoir","Humid","Ceara-mirim",15,"Afternoon",302.8,"<800",17878648.09,9239611.41,54448.19,0.006,2049260830,369156.81,221.79,2.87,36.929712973215,75678614259.1523,42.0288217666203,0.669153063648628,42.6979748302689,87499287339.996,86,24.36,15.71,0.645,0.9933,5.9455,1.057,7.34,3577.45,9.172948718,16.48,2675834.17,6.103,59.763,9.673,6.179,3.71,94.5076285457656,7.71,26.1,4.5,0.75,3.5,16.11,1.304072,2.877,0.2104032,0.195626667,16.79,"Hypereutrophic"
34,"Mineiro","Reservoir","Humid","Ceara-mirim",17,"Afternoon",675.2,"<800",92434.16,179135.98,1669.29,0.009,16832618.98,27507.7,93.97,1.39,61.9772694157074,1043239761.49541,35.0575550050998,0,35.0575550050998,590110465.771237,56,42.35,27.4,0.647,0.5961,2.1291,0.6624,7.65,1013.25,2.598076923,27.86,4985166.64,50.896,187.695,70.126,2.677,4,116.250049103417,9.28,27,1.2,0.2,3.666,46.88,4.064803333,5.434,0.281352,0.257355,21.98,"Hypereutrophic"
35,"Grande","Lake","Humid","Pirangi",10,"Morning",335.8,"<800",71685.23,41677.46,853.57,0.02,1492343.63,7743.26,35.81,1.97,27.9377431906614,41692713.0871594,65.603112840467,0.856031128404666,66.4591439688717,99179880.1571986,98,32.54,31.53,0.969,0.2026,0.6383,0.336,6.32,10960.08,28.10276923,31.69,3918787.37,11.515,64.945,15.891,4.087,4.34,91.8982202096207,7.58,25.6,4,0.75,3.607,14.95,1.429195667,3.193,0.178928667,0.19049,36.97,"Hypereutrophic"
36,"Papagaio","Reservoir","Humid","Pirangi",12,"Noon",335.8,"<800",55043.58,51203.33,929.2,0.018,1041177.3,6573.15,20.33,1.5,31.0305775764439,32308332.9784824,65.5719139297848,0,65.5719139297848,68271988.3012457,91,25.57,60.91,2.383,0.0078,0.0128,0.4299,6.16,20150.95,51.66910256,60.92,904712.76,12.667,104.211,24.757,4.209,6.12,66.3170491230128,5.43,25.8,2.5,1.5,3.607,17.03,2.588535,2.899,0.1960544,0.126948,2.66,"Mesotrophic"
37,"Patos","Reservoir","Humid","Pirangi",14,"Afternoon",335.8,"<800",54657.17,66899.84,1250.8,0.019,8327629.64,18979.6,124.48,0.8,53.4283170080142,444931236.331255,38.6761650341348,0,38.6761650341348,322080778.299793,104,35,33.57,0.959,0.0103,0.0307,0.4709,6.38,13733.81,35.21489744,33.57,1050541.57,8.291,110.774,19.345,5.726,,97.7211174033437,7.9,27.8,1.9,1,3.816,,2.58762,3.128,0.104791667,0.073813333,19.18,"Eutrophic"
38,"Pedras","Lake","Humid","Trairi",16,"Afternoon",633.2,"<800",75285.52,116721.73,1348.08,0.012,793323.15,5627.51,6.8,2,36.5384615384616,28986807.4038462,59.4674556213017,0,59.4674556213017,47176909.2159763,122,16.17,13.9,0.86,0.0166,0.1196,0.4886,6.45,11925.38,30.57789744,13.91,6046715.63,5.988,49.169,7.254,6.778,2.59,130.71209855246,10.36,27.3,1.5,1,3.816,19.02,2.110336667,2.848,0.0281704,0.157027,1,"Mesotrophic"
39,"Dourados","Reservoir","Semiarid","Piranhas-acu",10,"Morning",58.4,"<800",1358367.07,2105995.45,11600.01,0.006,1672537971,352012.27,794.18,4.13,20.0047870768579,33458765987.8149,45.1085129247566,1.07997015447097,46.1884830792276,77251991772.8991,343,28.77,28.44,0.988,0.4636,1.604,1.178,7.21,5078.08,13.02071795,28.79,13206360.13,6.333,77.726,9.788,7.941,3.71,72.7799471234598,6.07,25.3,1.5,0.5,3.692,20.95,2.490623333,4.885,0.0942284,0.214778667,149.38,"Hypereutrophic"
40,"Brinhosa","Reservoir","Semiarid","Piranhas-acu",13,"Afternoon",243.5,"<800",95605.41,79406.48,1556.56,0.02,3515047.83,11415.94,44.27,1.86,56.7872552273481,199609918.258546,30.6671091934949,0,30.6671091934949,107796355.622967,261,46.66,12.42,0.266,0.1254,0.9994,0.3063,6.33,10065.21,25.80823077,12.52,4810179.39,8.751,84.75,13.127,6.456,4.5,93.6695887451669,7.6,27,2.8,0.4,4.148,18.83,1.511783333,4.461,0.0447772,0.215455,27.73,"Hypereutrophic"
41,"Comissao","Reservoir","Semiarid","Piranhas-acu",15,"Afternoon",200.3,"<800",32140.53,27180.15,839.52,0.031,1761273.94,8341.83,64.8,2.19,15.4406891981445,27195283.5003314,35.9178263750828,21.6699801192843,57.5878064943671,101427902.840292,238,40.74,21.25,0.522,0.8104,3.6744,1.191,8.31,403.78,1.035333333,21.87,6414599.29,8.061,119.295,15.891,7.507,4.38,175.327549643376,13.7,27.5,2.75,0.3,3.599,27.21,2.47749,5.632,0.088881333,0.35035,289.27,"Hypereutrophic"
42,"Pedra Sino III","Reservoir","Semiarid","Piranhas-acu",17,"Afternoon",178.8,"<800",53058.15,164521.39,3254.25,0.02,40797804.94,47105.25,247.98,1.38,6.99214846538189,285264309.202171,73.2191291934332,0,73.2191291934332,2987179750.71035,195,26.49,21.32,0.805,0.1366,0.6369,0.597,6.93,4893.64,12.54779487,21.42,3124259.45,19.806,226.615,54.581,4.152,12.02,91.0414460871658,7.36,26.1,0.75,0.2,3.747,18.85,1.897035,4.379,0.105494667,0.345609333,26.65,"Hypereutrophic"
43,"ESEC","Reservoir","Semiarid","Piranhas-acu",7,"Morning",92.2,"<800",112927.3,131310.81,1875.36,0.014,3618384.25,10887.25,27.56,4.28,23.5842985842986,85337054.5447234,33.6229086229087,0,33.6229086229087,121660603.000322,200,20.98,9.51,0.453,0.5675,5.6311,0.7177,6.75,8400.83,21.54058974,9.95,5309657.12,8.061,92.581,15.66,5.912,5.33,67.1631764158011,5.55,25,2,0.35,3.747,17.36,1.48959,4.355,0.095532333,0.309617733,23.38,"Hypereutrophic"
44,"Sao Fernando","Reservoir","Semiarid","Piranhas-acu",8,"Morning",191.6,"<800",159814.4,309717.82,5253.15,0.017,63059651.6,54503.53,203.6,2.18,18.8592524227042,1189257887.21218,60.3765574526997,0.007383479464698,60.3839409321644,3807790277.41727,139,22.86,9.48,0.414,0.1873,1.938,0.6058,6.65,9119.46,23.38323077,9.62,1971986.59,5.527,74.387,10.364,7.178,4.56,85.4571046683524,7.01,25.6,1.2,1,3.78,16.33,1.217035,3.4,0.0560032,0.233975,24.38,"Hypereutrophic"
45,"Boa Vista","Reservoir","Semiarid","Piranhas-acu",11,"Noon",346,"<800",4985.62,28986.16,1187.01,0.041,3664544.41,13604.85,126.42,1.83,21.6216216216216,79233392.6486486,69.2209856915739,0,69.2209856915739,253663376.170747,82,57.84,32.99,0.57,0.1747,0.5269,0.8491,6.61,14641.53,37.54238462,33.12,10314615.69,10.939,164.549,26.83,6.133,5.91,47.5955859498664,3.68,28.7,0.4,0.02,4.148,27.82,2.80092,5.28,0.263357133,1.018861,3.27,"Hypereutrophic"
46,"Riacho","Reservoir","Semiarid","Piranhas-acu",14,"Afternoon",280.7,"<800",48415.45,187656.78,2666.56,0.014,32735398.51,38373.48,174.44,1.77,6.45688888888888,211368830.912569,82.7875555555555,0,82.7875555555555,2710083622.77987,67,117.81,91.11,0.773,0.2304,0.2522,3.134,7.75,4032.85,10.34064103,91.28,19281436.19,23.26,473.267,56.654,8.354,5.06,93.6447728026077,7.14,29.3,0.6,0.01,3.287,93.49,7.82192,11.90915,0.089166667,0.914245,247.8,"Hypereutrophic"
47,"Medumbim","Reservoir","Semiarid","Piranhas-acu",15,"Afternoon",280.7,"<800",4962964.98,7446309.05,51157.02,0.007,952975585.8,288722.64,127.98,3.29,24.521457023048,23368349871.2087,65.0856314348777,0,65.0856314348777,62025017743.8155,53,13,4.34,0.334,0.0116,0.2665,0.712,6.99,5174.92,13.26902564,4.34,1255183.08,11.17,61.26,11.86,5.165,5.19,117.672354843632,8.91,29,1.55,1.3,3.287,11.8,1.111001667,2.973,0.002666733,0.212345467,2,"Mesotrophic"
48,"Piato","Reservoir","Semiarid","Piranhas-acu",17,"Afternoon",280.7,"<800",8569452.82,13285973.36,42342.3,0.003,312146724,189511.97,23.49,1.74,20.8030217721217,6493595095.46846,66.2478047034345,0.002610119058717,66.2504148224932,20679849950.4823,27,67.36,22.88,0.34,0.1504,0.6531,2.682,7.89,2367.74,6.071128205,22.99,176068.85,20.382,120.101,26.715,4.496,5.43,93.153397344149,7.37,27.2,1.5,0.1,3.287,22.13,1.859396667,4.11,0.196241,0.354060133,52.96,"Hypereutrophic"
49,"Rancho Texas","Reservoir","Semiarid","Apodi-Mossoro",10,"Morning",223.9,"<800",1372.14,3191.01,260.87,0.082,4718212.57,14230.67,1478.59,0.96,31.5659679408138,148934946.722565,54.3033292231813,3.60049321824908,57.9038224414304,273202542.894205,24,19.99,7.12,0.356,1.6071,18.4134,2.855,7.55,5599.61,14.35797436,8.36,11287589.51,12.667,49.515,12.897,3.839,4.64,107.407582804711,8.29,29.1,1,0.5,2.8002,10.66,2.084426667,3.94,0.120482,0.2629416,33.97,"Hypereutrophic"
50,"Pendencias","Reservoir","Semiarid","Piranhas-acu",17,"Afternoon",183.2,"<800",2941.18,4559.97,298.8,0.066,661950.66,4283.8,145.17,0.48,20.1754385964912,13355144.8947368,35.2631578947367,29.8245614035088,65.0877192982455,43084858.7473684,18,114.77,114.08,0.994,1.8823,1.6232,1.211,9.19,60.2,-6.478405316,115.53,2840911.75,12.321,131.847,14.97,8.808,2.73,151.168904944482,12.31,25.8,1.5,0.01,2.661,48.34,3.829951667,6.092,0.17178,0.860244,503.6,"Hypereutrophic"
51,"Caraubas Angicos","Reservoir","Semiarid","Piranhas-acu",9,"Morning",294.2,"<800",1110881.95,574099.2,5555.86,0.01,375744508.7,147818.93,654.49,2.7,14.3205868503878,5380881870.39464,61.0613739436445,0.108733364724542,61.170107308369,22984331917.7094,116,27.69,4.18,0.151,0.5369,11.3925,1.259,6.59,21710.59,55.66817949,4.59,113389137.3,8.521,60.339,7.139,8.452,3.96,92.3217787382464,7.45,26.4,4.5,1.5,3.5,15.22,1.18146,3.18,0.043878,0.161408,29.98,"Hypereutrophic"
52,"Aristifanes Fernandes","Reservoir","Semiarid","Piranhas-acu",11,"Noon",107.9,"<800",78122.21,106870.33,1684.28,0.016,1424761.22,7185,13.33,3.69,1.95758564437194,2789092.11092985,65.905383360522,26.5905383360522,92.4959216965742,131784602.241436,158,61.8,35.05,0.567,0.3622,1.0228,1.566,7.96,1185.08,3.038666667,35.33,2714520.51,11.17,148.659,16.697,8.903,3.12,67.0498341961952,5.49,26.6,1.7,0.05,3.353,47.64,2.834125,4.795,0.133952067,0.635370667,167.87,"Hypereutrophic"
53,"Pau DArco","Reservoir","Semiarid","Piranhas-acu",13,"Afternoon",294.2,"<800",313026.17,291187.13,3496.45,0.012,11323332.97,24045.88,38.89,0.94,2.78293135435992,31512058.3580704,69.3980622552051,0,69.3980622552051,785817366.388477,136,25.95,3.42,0.132,0.848,19.8806,2.056,8.19,912.17,2.338897436,4.07,1682581.62,9.327,147.047,16.812,8.747,3.54,130.607851513355,10.26,28.5,2.5,0.2,3.5,41.59,3.620755,6.02,0.143412,0.28724,103.92,"Hypereutrophic"
54,"Caraubas Lages","Reservoir","Semiarid","Ceara-mirim",15,"Afternoon",99,"<800",152013.63,235680.04,3841.38,0.016,28511297.05,38129,120.97,3.39,15.9867695700111,455803536.080487,53.9425864673934,0,53.9425864673934,1537973106.41716,218,49.26,38.34,0.778,1.4252,3.5842,2.269,8.09,1260.93,3.233153846,39.44,453065.34,12.551,196.216,26.945,7.282,5.58,114.503440718335,8.9,29.1,1.5,0.1,3.5,35.19,2.243876667,3.803,0.136694667,0.3634008,11.09,"Hypereutrophic"
55,"Pocos","Reservoir","Humid","Jacu",10,"Morning",605.7,"<800",148075.17,172180.43,2581.03,0.015,13382548,23412.83,77.72,2.21,36.8540107882374,493200568.366105,61.9453627979815,0.800417609187396,62.7457804071689,839698418.096397,34,62.5,24.45,0.391,1.0585,4.1495,0.4644,6.53,9296.83,23.83802564,25.27,8816891.95,7.945,57.23,12.321,4.645,3.63,92.2087883754598,7.55,26.2,2,1,3.816,15.76,0.541655,2.701,0.100698667,0.250368467,26.75,"Hypereutrophic"
56,"Jenipapo","Lake","Humid","Jacu",12,"Noon",334.4,"<800",30448.57,70810.62,1278.85,0.018,297002.85,4314.9,4.19,1.4,18.1102362204725,5378791.77165356,79.1338582677165,0,79.1338582677165,23502981.4370079,74,68.15,15.92,0.234,0.8581,5.1145,0.7734,6.89,6714.94,17.21779487,16.58,1537001.9,9.327,72.429,13.473,5.376,4.16,101.865626391925,8.25,26,1,0.45,3.816,17.39,1.644113333,4.266,0.1675268,0.350304267,24.15,"Hypereutrophic"
57,"Pedra Branca","Reservoir","Humid","Jacu",14,"Afternoon",466.3,"<800",6598.49,30690.66,1104.18,0.036,9889956.67,23394.16,322.25,1.13,22.3549912870301,221089895.186955,68.8822504356485,0,68.8822504356485,681242472.140652,98,88.37,89.16,1.009,0.4125,0.4606,1.987,8.95,149.61,-2.606777622,89.53,3310063.17,20.382,502.515,56.769,8.852,5.44,123.450221732325,9.98,26.7,0.5,0.1,3.794,92.31,5.62315,8.307,0.243144,0.514122667,504.89,"Hypereutrophic"
58,"Baia Formosa","Lake","Humid","Coast East 8",12,"Noon",848.5,">800",61794.59,71854.18,1836.51,0.026,1770107.07,9505.73,24.63,1.5,37.5082399472644,66393600.7139091,60.7778510217534,0,60.7778510217534,107583303.793012,35,31.85,15.77,0.495,0.3599,2.2308,0.05792,5.96,4186.84,10.73548718,16.05,200713.86,4.03,19.23,4.261,4.514,5.17,26.9671573022937,2.2,26,2,1,3.816,3.72,0.2309325,2.032,0.069264,0.1357118,26.22,"Hypereutrophic"
59,"Cuite","Reservoir","Humid","Curimatau",14,"Afternoon",503.2,"<800",13274.05,8819.97,396.54,0.045,3111804.06,9613.87,352.81,2.81,21.174710063599,65891548.7452302,73.4380845491957,5.38720538720539,78.8252899364011,245288857.25477,96,43.81,36.7,0.838,0.0589,0.1602,0.07004,5.93,5800.94,14.87420513,36.74,1539110.27,5.067,31.897,7.83,4.074,5.37,70.5114363048203,5.5,28.6,3.5,2.5,3.816,5.94,0.9714905,1.071,0.124184667,0.140247467,24.38,"Eutrophic"
60,"Mauricio","Lake","Humid","Curimatau",17,"Afternoon",369.1,"<800",16347.25,76033.73,1233.54,0.016,495551.96,4907.24,6.52,1.18,12.9716981132076,6428150.42452833,83.0188679245283,0,83.0188679245283,41140162.7169811,105,67.77,33.37,0.492,0.3683,1.0915,1.192,8.1,633.88,1.625333333,33.66,3873669.25,8.176,211.876,18.769,11.288,3.3,112.420114085133,8.8,27.6,0.5,0.4,3.816,64.29,4.640545,5.360603333,0.105393067,0.190033,31.97,"Hypereutrophic"
61,"Divisa","Reservoir","Humid","Curimatau",7,"Morning",369.1,"<800",11937.59,25238.04,708.56,0.028,756784.15,5401.76,29.99,1.13,4.65116279069768,3519926.27906977,94.4186046511628,0,94.4186046511628,71454503.4651163,115,42.02,46.24,1.1,0.022,0.0476,1.436,6.99,9645.99,24.73330769,46.26,6642927.98,6.909,160.059,16.121,9.929,4.18,38.5820719936092,3.2,24.9,1.1,1.1,3.816,38.28,2.9252,4.097943333,0.045432533,0.1211136,3.08,"Mesotrophic"
62,"Adrenas","Reservoir","Humid","Curimatau",9,"Morning",369.1,"<800",641928.12,995237.39,12122.35,0.012,330204451.4,154029.97,331.78,5.61,25.7766990291263,8511580761.81556,67.4789885523836,0.3575568758151,67.8365454281987,22399929267.9895,116,91.23,22.06,0.242,1.3293,5.6829,1.564,8.2,674.4,1.729230769,23.09,1502487.1,5.412,106.859,10.364,10.311,3.12,97.0133508579536,7.9,26.2,1.5,0.4,3.794,34.27,2.536583333,5.47049,0.117386667,0.1821908,121.05,"Hypereutrophic"
63,"Fernandes","Reservoir","Humid","Jacu",11,"Noon",289.5,"<800",11834.45,39317.11,1021.25,0.026,11775994.9,24944.22,299.51,1.64,9.08449994964246,106979025.07604,87.299828784369,0.161144123275254,87.4609729076443,1029939970.90946,157,88.62,40.53,0.457,0.9864,2.3761,0.1002,5.3,34389.41,88.17797436,41.29,3040399.73,22.915,139.562,32.357,4.313,2.67,108.656668151387,8.8,26.2,0.7,0.3,3.794,52.31,14.98,13.45593333,0.0547304,0.135633333,26.58,"Hypereutrophic"
64,"Barriguda","Reservoir","Semiarid","Jacu",13,"Afternoon",466.3,"<800",231688.94,431049.18,4441.91,0.01,13452074.86,25167.06,31.21,4.23,31.0430054374691,417592833.024221,58.6752347998023,0,58.6752347998023,789303650.955018,151,70.91,29.86,0.421,1.635,5.1909,1.84,7.55,3650.18,9.359435897,31.12,2933758.13,7.139,95.69,11.86,8.068,3.51,132.005473350773,10.5,27.4,1.25,0.25,3.794,27.26,2.313933333,3.544363333,0.072373,0.328333333,20.98,"Hypereutrophic"
65,"Trairi","Reservoir","Semiarid","Trairi",16,"Afternoon",254.5,"<800",12643056.3,6533879.22,43074.29,0.007,1521752087,328323.34,232.9,4.69,32.7908306108996,49899514916.5999,49.3774433117972,1.4282810427642,50.8057243545614,77313717068.1005,182,60.86,31.66,0.52,0.1067,0.336,1.532,7.59,2746.27,7.041717949,31.74,1606734.29,3.339,94.423,11.17,8.454,3.89,104.282798002694,8.4,26.4,4.5,1,3.692,24.25,2.656255,5.621,0.089688733,0.347406667,5.14,"Eutrophic"
66,"Calabouco","Reservoir","Humid","Curimatau",10,"Morning",289.5,"<800",162844.31,252471.8,2657.17,0.011,184901922.3,97702.6,732.37,6.72,26.1678267594741,4838481470.24014,19.6049239494715,0.330626450116009,19.9355503995875,3686121590.99226,183,106.63,37.92,0.356,2.4824,6.1446,1.613,7.83,1585,4.064102564,39.95,14392359.89,1.497,54.696,6.103,8.962,3.16,97.7211174033437,7.9,26.7,1.5,0.4,3.794,17.3,1.78458,6.7,0.055869067,0.137418,6.79,"Eutrophic"
67,"Riacho da Cruz","Reservoir","Semiarid","Curimatau",12,"Noon",330,"<800",751.22,11646.8,414.31,0.036,15702199.68,22474.68,1348.2,5.65,14.2263279445727,223384642.098844,40.7621247113164,0,40.7621247113164,640055021.598153,332,113.46,119.59,1.054,0.0273,0.0228,6.969,8.9,600.29,1.539205128,119.61,11880977.77,56.884,690.9,148.313,4.658,1.87,283.099683951585,20.1,29.8,0.15,0.01,3.794,369.34,29.768,46.1216,1.857759333,2.627271,2673.86,"Hypereutrophic"
68,"Japi II","Reservoir","Semiarid","Jacu",16,"Afternoon",284,"<800",5010749.8,2589534.78,14212.89,0.005,1161558136,338993.91,448.56,4.26,20.4520761926628,23756275499.6794,57.9563810945111,0.388773635961101,58.3451547304722,67771289173.3589,197,39.29,51.56,1.312,1.0535,2.0022,2.283,7.9,1904.63,4.883666667,52.37,26705242.03,2.533,76.46,6.564,11.649,3.72,93.4994054627561,7.6,25.7,4.5,0.6,3.769,20.55,1.68112,4.855,0.091651667,0.166036,26.65,"Hypereutrophic"
69,"Assentamento Honda","Reservoir","Semiarid","Trairi",12,"Noon",116.6,"<800",166210.07,257690.03,3200.05,0.012,12991012.08,25855.59,50.41,3.34,4.45500179275726,57874982.1061312,87.0025098601649,0,87.0025098601649,1130250656.58372,223,117.21,55.41,0.473,0.6875,1.2256,2.162,8.05,1390.93,3.566487179,55.83,453189.94,3.455,121.253,11.515,10.53,3.01,94.9020833339191,7.7,26.8,1.5,0.2,3.794,40.24,3.45276,7.03,0.1364844,0.485818667,61.45,"Hypereutrophic"
70,"Bom Sucesso","Reservoir","Semiarid","Trairi",13,"Afternoon",157.8,"<800",61006.23,70937.47,1468.58,0.021,895928.38,5253.32,12.63,2.32,2.59740259740259,2327086.70129869,94.8051948051948,0,94.8051948051948,84938664.5974026,212,104.22,50.72,0.487,0.0759,0.1495,1.348,7.8,1531.58,3.927128205,50.78,659451.36,2.648,65.751,6.909,9.517,2.08,100.387081354312,7.9,28.2,2,0.2,3.794,31.56,2.29977,9.871,0.060672,0.0213452,65.28,"Eutrophic"
71,"Tapuia","Reservoir","Semiarid","Potengi",16,"Afternoon",206,"<800",1541587.34,796685.96,7947.27,0.01,56632243.06,54016.35,71.08,5.96,36.9365022760168,2091796974.68163,47.9138260158167,0,47.9138260158167,2713467440.86228,204,47.28,45.14,0.955,0.153,0.3379,1.285,8.98,87.64,-4.450022821,45.26,765260.31,1.958,74.157,5.642,13.143,3.07,95.9382857234698,7.7,26.6,4.5,0.5,3.794,24.17,1.58208,7.774,0.020155333,0.014543467,15.19,"Mesotrophic"
72,"Jambeiro","Reservoir","Humid","Potengi",10,"Morning",977.6,">800",125193.63,64699.55,1389.89,0.021,7726889.46,19302.09,119.43,1.34,47.4604221635884,366721435.782982,40.8970976253298,4.89775725593668,45.7948548812665,353851781.504288,36,38.74,31.75,0.82,0.0573,0.1801,0.4202,6.4,11414.12,29.26697436,31.79,1571282.44,1.382,35.812,4.145,8.639,2.65,78.2253871645994,6.2,27.7,4.5,2.5,3.607,13.52,0.834353667,7.423,0.058581,0.049493333,6.63,"Mesotrophic"
73,"Cabeca de Boi","Reservoir","Humid","Potengi",12,"Noon",537.2,"<800",178459.72,92227.24,3192.77,0.035,19173710.7,31326.64,207.9,2.3,58.0228826566206,1112513966.03809,35.5588112180829,0,35.5588112180829,681794359.131436,52,42.37,22.43,0.529,0.8396,3.609,1.069,6.7,14652.64,37.57087179,23.07,36657704.85,2.533,84.866,8.406,10.096,4.33,98.8903483549984,7.7,28.5,4.5,0.5,3.666,19.62,1.858656,5.107,0.0036744,0.027305,28.42,"Mesotrophic"
74,"Timbauba","Reservoir","Humid","Potengi",13,"Afternoon",537.2,"<800",458133.16,236761.32,4535.08,0.019,28164634.59,41296.55,118.96,1.59,24.5356239644196,691036883.395525,66.0983692334525,0,66.0983692334525,1861636416.45509,78,34.41,13.2,0.384,1.3476,9.2604,0.7658,6.78,8880.38,22.77020513,14.24,16952858.4,2.303,76.114,6.103,12.472,3.56,91.4466981093689,7.3,28.1,4.5,0.75,3.666,21.38,1.74624,5.686,0.115692,0.032376,5.09,"Mesotrophic"
75,"Campo Grande","Reservoir","Semiarid","Potengi",15,"Afternoon",142,"<800",5746455.19,3340962.32,28470.16,0.009,1665289079,337090.25,498.45,5.9,29.7528148052284,49547037564.6564,48.6184806522583,0,48.6184806522583,80963824867.7786,96,80.38,60.65,0.755,1.4509,2.3363,1.567,6.9,13442.15,34.46705128,61.77,1600148.33,2.418,56.654,5.988,9.462,3.85,81.0491285648726,6.6,26.1,4,0.75,3.5,14.72,1.20054,7.173,0.0849524,0.028313333,7.99,"Mesotrophic"
76,"Catole","Reservoir","Semiarid","Potengi",16,"Afternoon",202.5,"<800",654225.48,507151.53,6240.06,0.012,56263275.7,59224.12,110.94,1.71,13.9096103896104,782600244.230234,79.9376623376623,0,79.9376623376623,4497554734.9174,153,44.01,12.86,0.292,0.2125,1.6259,0.343,5.9,29673.6,76.08615385,13.02,1063675.27,4.261,137.144,10.824,12.67,2.25,80.1724476575289,6.4,26.8,3,0.5,3.794,60.95,4.11264,5.27,0.031926,0.065835,24.31,"Eutrophic"
77,"Alfredo Mesquita","Reservoir","Humid","Potengi",17,"Afternoon",295.8,"<800",200212,266062.46,3903.3,0.015,7003445.8,20765.51,26.32,2.06,55.1910661315652,386527640.296633,38.3702669691153,0,38.3702669691153,268724085.049729,62,29.52,7.09,0.24,0.2502,3.4078,1.278,6.8,13469.72,34.53774359,7.28,1695051.58,2.533,65.866,6.794,9.695,2.74,91.2825474661582,7.3,26.1,1.75,0.75,3.607,24.01,2.08488,4.069,0.053669733,0.024687,24.48,"Mesotrophic"
78,"Jiqui","Reservoir","Humid","Pirangi",9,"Morning",823.8,">800",198811.68,184941.09,2976.58,0.016,129032445.6,105471.89,697.69,1.43,35.2884670803635,4553357208.85439,34.6227738179862,21.8948723367466,56.5176461547328,7292610102.90061,16,86.15,57.63,0.669,0.0195,0.0338,0.2246,5.93,18051.04,46.28471795,57.64,307743.97,1.958,14.163,3.224,4.393,1.95,78.6181387680169,6.1,28.5,2.5,2.5,3.607,7.26,1.513365,8.518,0.062115,0.095056,0.96,"Mesotrophic"
79,"Quirambu","Reservoir","Humid","Trairi",11,"Noon",633.2,"<800",96078.1,89374.97,1254.99,0.014,963602.26,5981.26,10.78,2.43,27.7333333333333,26723902.6773333,58.8,11.3333333333333,70.1333333333333,67580638.5013333,60,88.61,29.68,0.335,0.197,0.6594,1.137,7.62,1881,4.823076923,29.83,807799.87,5.758,102.599,12.897,7.955,3,108.779866567058,8.5,28.2,2.5,0.05,3.816,34.16,3.065,11.54232,0.051997333,0.111356,310.42,"Hypereutrophic"
80,"Papucu","Reservoir","Humid","Trairi",12,"Noon",633.2,"<800",50686.56,58937.86,1118.33,0.019,1454461.82,8315.07,24.68,1.98,20.8967173738991,30393477.5836669,76.7814251401121,0.56044835868695,77.3418734987991,112490802.091273,126,43.32,29.04,0.67,0.2646,0.9029,0.2993,6.42,7872.74,20.18651282,29.24,14087817.52,3.109,22.8,3.685,6.188,2.43,109.78765551987,8.4,29.3,2,2,3.816,9.39,1.041204667,7.457,0.094945867,0.195191333,6.66,"Eutrophic"
81,"Nisia Floresta_Guarairas","Lake","Humid","Trairi",16,"Afternoon",889.6,">800",1539283.39,3579728.82,10313.43,0.003,22020601.74,55753.32,6.15,2.14,38.2444644083921,842166119.496807,51.3502087406858,1.01992284521482,52.3701315859006,1153221810.72451,17,49.63,29.08,0.586,0.0395,0.1358,1.024,7,6916.91,17.73566667,29.11,1661876.73,3.455,32.357,5.988,5.404,3.49,93.9398371959098,7.2,29.7,1,0.35,3.816,9.26,0.611082,1.517,0.0602224,0.368946,11.99,"Hypereutrophic"
82,"Arena I","Reservoir","Humid","Trairi",10,"Morning",557.5,"<800",12222.7,9474.96,380.81,0.04,1057677.38,6246.88,111.63,2.56,22.502744237102,23800643.5675081,75.5214050493963,0,75.5214050493963,79877281.8265642,76,61.22,41.48,0.678,2.1618,4.9534,0.3726,6.52,7775.04,-0.050160514,43.15,6633557.45,3.8,45.599,8.521,5.351,4.41,79.6259947793494,6.2,28.4,3,2.5,3.816,10.35,0.9102,6.616,0.100307533,0.207252,1.53,"Mesotrophic"
83,"Arena II","Reservoir","Humid","Trairi",11,"Noon",557.5,"<800",2399.3,2231.9,219.18,0.098,1047727.81,6234.73,469.43,2.56,0,0,100,0,100,104772781,56,45.31,37.79,0.834,0.0997,0.2632,0.6342,6.45,15892.86,40.75092308,37.87,16533011.94,5.412,69.09,13.703,5.042,5.58,81.481573772869,6.3,29,2.5,0.5,3.816,12.38,0.962261333,9.253,0.11928,0.24723,3.79,"Eutrophic"
84,"Vera Cruz","Reservoir","Humid","Trairi",12,"Noon",633.2,"<800",45118.79,174879.02,1538.6,0.009,1630291.44,8213.1,9.32,1.12,38.296239447429,62434031.3553338,59.8618572524943,0,59.8618572524943,97592273.4612434,122,94.73,23.56,0.249,0.2373,0.9973,0.07584,5.56,14485.01,37.14105128,23.74,1980948.41,8.751,108.932,14.97,7.277,3.53,99.2392899202835,7.7,29.2,0.6,0.5,3.794,30.84,2.121188333,4.464,0.177361333,0.14268,2.59,"Mesotrophic"
85,"Cruz","Reservoir","Humid","Trairi",13,"Afternoon",633.2,"<800",70421.04,272949.78,2372.63,0.009,3631051.02,12822.53,13.3,1.13,23.9644970414202,87016311.4260358,69.5923734385272,0,69.5923734385272,252693458.558185,128,124.7,55.81,0.448,0.2524,0.4503,0.6795,7.6,1189.07,3.048897436,56,987654.32,8.867,226.039,21.072,10.727,2.29,131.776716066485,10.1,30,0.6,0.2,3.794,98.64,4.921683333,6.52,0.107916667,0.37023,59.45,"Hypereutrophic"
86,"Sao Mateus","Reservoir","Humid","Trairi",16,"Afternoon",199,"<800",11064.2,128653.51,2464.48,0.019,102654677.4,71143.06,797.92,1.28,14.9839332824866,1538170837.29679,76.9251928631266,0,76.9251928631266,7896730857.29704,120,106,30.64,0.289,0.3353,1.0826,3.006,8.9,251.65,-1.549771508,30.9,3094145.46,9.903,348.444,27.866,12.504,3.71,125.253116261213,9.6,28.7,0.2,0.15,3.794,93.93,6.404655,6.565,0.050725733,0.292785,35.97,"Hypereutrophic"
87,"Cond. Lagoa do Mato","Reservoir","Humid","Potengi",6,"Morning",977.6,">800",96338.77,112021.83,2376.54,0.021,29590393.56,46433.43,264.15,1.66,58.3255669462566,1725876480.54986,37.2009940975458,0,37.2009940975458,1100792056.16962,55,43.3,21.65,0.5,0.2682,1.2237,0.5673,6.5,12036.77,30.86351282,21.86,120003399.3,5.182,83.369,9.903,8.419,2.81,86.1022096708941,6.8,27,2,1,3.607,29.72,1.21028,4.09,0.05103,0.215833333,7.66,"Eutrophic"
88,"Cond. Fazenda Real","Reservoir","Humid","Potengi",7,"Morning",977.6,">800",35155.87,54505.22,1444.87,0.027,21207816.47,35495.15,389.1,1.39,45.1279400361851,957065069.956579,50.1938485396743,0,50.1938485396743,1064501927.75239,77,33.88,19.97,0.589,1.0871,5.1624,0.03455,4.81,37066.91,95.04335897,20.73,4540804.77,5.873,39.612,8.636,4.587,2.21,88.1027217215963,6.8,27.7,1.5,0.4,3.607,17.9,1.267825,6.179,0.036445333,0.186666667,34.97,"Hypereutrophic"
89,"Sitio II","Lake","Humid","Potengi",7.5,"Morning",537.2,"<800",94498.46,73254.62,1041.94,0.014,1872568.89,9683.48,25.56,1.32,21.5909090909091,40430464.6704546,76.0653409090909,0,76.0653409090909,142437590.993608,91,35.68,25.49,0.714,0.9563,3.6162,0.2128,5.51,46012.77,117.9814615,26.38,2606023.69,4.145,61.605,6.794,9.068,2.64,79.0614847487895,6.3,26.9,3,1.4,3.607,23.35,1.55342,2.95713,0.056081667,0.195,5.66,"Eutrophic"
90,"Finado Ze Pequeno","Reservoir","Humid","Potengi",8,"Morning",353.3,"<800",35135.41,54473.5,1289.68,0.024,13164950.34,23120.1,241.68,1.25,18.3041174072564,240972796.68406,71.3819812474522,0,71.3819812474522,939740238.293519,113,114.7,25.57,0.223,1.0315,3.877,0.7286,6.39,20061.81,51.44053846,26.37,127978073,9.327,252.754,22.915,11.03,3.07,71.4035861949866,5.7,26.8,1.5,0.2,3.666,82.33,5.588586667,7.61684,0.0837434,0.359583333,333.33,"Hypereutrophic"
91,"Cajazeiras","Reservoir","Humid","Potengi",9,"Morning",353.3,"<800",20968.79,69663.75,1070.75,0.015,1797011.74,9283.88,25.8,1.41,17.4542682926829,31365525.0350609,74.5426829268293,0,74.5426829268293,133954076.35061,116,47.88,19.65,0.41,1.2102,5.8006,0.6984,6.89,6480.63,16.617,20.59,1839027.18,9.327,241.354,19.921,12.116,2.17,82.2328163344027,6.6,26.7,0.7,0.3,3.666,111.06,5.51359,6.51188,0.123499333,0.195,18.21,"Hypereutrophic"
92,"Marias","Lake","Humid","Potengi",9.5,"Morning",353.3,"<800",3412.16,11336.09,613.32,0.054,2111558.35,8991.98,186.27,1.36,18.0802103879028,38177419.2143329,71.4661406969099,0,71.4661406969099,150904926.130835,123,82.02,29.8,0.363,1.5892,5.0627,1.648,7.79,1792.4,4.595897436,31.03,5376782.71,5.297,130.12,13.242,9.826,3.13,93.4227089340616,7.3,27.9,0.7,0.2,3.666,41.62,2.00995,4.476335,0.069943467,0.33875,27.14,"Hypereutrophic"
93,"Sao Miguel","Reservoir","Humid","Potengi",10.5,"Morning",295.8,"<800",31391.6,34763.67,1207.59,0.035,5828732.54,15563.5,167.67,1.74,20.0755984880302,117015294.167156,75.3044939101218,0,75.3044939101218,438929754.062159,102,54.54,16.37,0.3,1.6683,9.2501,0.859,6.5,18554.97,47.57684615,17.73,23794129.36,26.945,199.44,41.109,4.852,4.61,105.095344157121,8.3,27.5,2.1,0.6,3.666,43.3,2.29295,4.606046667,0.004741067,0.149405333,46.46,"Hypereutrophic"
94,"Feira","Lake","Humid","Potengi",11,"Noon",295.8,"<800",7380.45,17163.84,577.54,0.034,138793.5,2624.46,8.09,1.66,3.44827586206896,478598.275862068,51.7241379310345,42.2413793103448,93.9655172413793,13041803.0172414,116,102.93,25.71,0.25,1.7748,6.4578,3.092,9.78,28.45,-13.70826011,27.08,9407235.61,10.018,159.943,23.951,6.678,4.67,157.967699320322,12.3,28.7,1,0.2,3.666,34.28,2.799,6.18412,0.1166144,0.439618667,249.8,"Hypereutrophic"
95,"Meio","Lake","Humid","Potengi",12,"Noon",295.8,"<800",5351.1,11313.1,463.74,0.041,181370.16,2482.56,16.03,1.35,5.76923076923075,1046366.3076923,33.3333333333334,55.7692307692307,89.1025641025641,16160546.3076923,110,99.18,39.69,0.4,1.2268,2.9986,4.096,8.44,993.01,2.546179487,40.63,416633.05,21.994,243.082,41.454,5.864,2.91,199.130261773731,15,30,1.1,0.1,3.666,83.59,4.109,8.26987,0.094506667,1.013525333,400.48,"Hypereutrophic"
96,"Catole","Reservoir","Semiarid","Potengi",14,"Afternoon",202.5,"<800",10787.23,16724.39,656.22,0.039,3660479.82,12425.24,218.87,1.5,66.6666666666667,244031988,33.3333333333333,0,33.3333333333333,122015994,153,80.53,15.87,0.197,1.9062,10.7263,1.383,7.23,5493.85,14.08679487,17.33,2913363.93,18.309,135.532,27.521,4.925,3.68,156.566395326516,12,30.6,1.5,0.1,3.794,36.81,1.979,4.36395,0.065813467,0.186755,17.75,"Hypereutrophic"
97,"Acude BR_226","Reservoir","Semiarid","Trairi",15,"Afternoon",254.5,"<800",205334.3,298451.01,5366.5,0.018,48689162.17,46775.9,163.14,3.33,43.8375486381322,2134413514.77728,39.9392023346304,0,39.9392023346304,1944606299.41126,177,77.25,33.12,0.429,2.751,7.6695,2.089,7.72,2702.84,6.930358974,35.24,515847.92,6.103,162.707,14.739,11.039,3.44,102.745681447395,8.1,28,1.6,0.2,3.794,47.25,5.43,6.20535,0.045789333,0.323648,44.96,"Hypereutrophic"
98,"Escorrego","Reservoir","Semiarid","Trairi",15.5,"Afternoon",254.5,"<800",467655.56,402804.1,5902.97,0.015,24028442.17,38569.82,59.65,1.67,7.52313132781085,180769126.047618,87.8506031100131,0,87.8506031100131,2110913136.42857,193,43.36,26.94,0.621,1.8089,6.2929,1.636,7.2,7022.24,18.00574359,28.33,766665.89,3.685,67.593,7.485,9.031,3.96,103.274641369249,8.2,27,2.7,0.1,3.794,17.05,1.128,3.64723,0.048541667,0.268006,13.49,"Hypereutrophic"
99,"Santa Cruz","Reservoir","Semiarid","Trairi",16.5,"Afternoon",157.8,"<800",765798.86,1113079.74,10144.34,0.009,446736917.6,181140.47,401.35,4.79,44.2278198381773,19758199906.6755,33.8700324620779,1.95395695929505,35.8239894213729,16003898610.2392,245,47.24,32.96,0.698,1.079,3.1702,2.175,7.58,3793.17,9.726076923,33.79,4145923.14,3.8,66.787,8.291,8.056,3.97,88.9009103056803,7.2,26.4,1.6,0.4,3.692,16.82,1.051,2.32162,0.051253333,0.149547,8.79,"Eutrophic"
100,"Caliman","Lake","Humid","Coast East 6",12,"Noon",889.6,">800",1781.85,2302.13,219.86,0.096,874684.02,5023.7,379.95,2.11,10.7468123861567,9400065.06010933,70.6739526411658,9.83606557377049,80.5100182149363,70420826.3825137,13,24.48,38.87,1.588,0.3219,0.8213,0.3335,6.6,5768.62,14.79133333,39.12,1948602.62,9.788,58.496,17.157,3.409,6.62,36.659645574943,2.8,29.9,1.8,1,3.816,8.83,0.8246,2.64298,0.048564,0.094812333,5.87,"Mesotrophic"
101,"Arituba","Lake","Humid","Coast East 6",13,"Afternoon",889.6,">800",225550.77,209814.67,2715.2,0.013,1535033.99,9768.69,7.32,1.82,71.4393939393938,109661897.921969,22.0454545454547,5.00000000000002,27.0454545454547,41515692.002273,14,13.21,6.39,0.484,0.0544,0.8437,0.02212,5.3,7576.3,19.42641026,6.43,11966953.25,3.109,12.667,3.8,3.333,3.06,95.3728240792336,7.4,29.3,2.5,2.5,3.816,4.14,0.3606,2.153466667,0.000617,0.0723294,4.66,"Mesotrophic"
102,"Cruzeta","Reservoir","Semiarid","Piranhas-Acu",10,"Morning",195.8,"<800",17240618.08,6074918.28,38977,0.006,995950106.9,249054.56,163.94,,44.0463446444683,43867961657.2124,35.1257952776518,0.18406499656412,35.3098602742159,35166859114.7294,,,,,,,1.7265,7.33,6528.8,16.74051282,,,,,,,,122.495198106641,10.1,25.12,6.6,0.7,4.148,,,1.008,,0.058,26.69,"Hypereutrophic"
103,"Gargalheiras","Reservoir","Semiarid","Piranhas-Acu",13,"Afternoon",199.6,"<800",40293764.3,7618408.83,35300.03,0.005,2114742498,387760.45,277.58,,22.7314482284142,48071159609.7143,42.4023667010664,1.75091847265222,44.1532851737186,93372828583.1761,,,,,,,1.89233,8.17,834.3,2.139230769,,,,,,,,113.906012796189,9.5,24.5,12.3,0.6,4.148,,,1.122,,0.105,82.33,"Hypereutrophic"
